{"LAP": {"run_mean": 0.006204449020694968, "run_std": 0.0432796576869024, "wk_mean": -0.004281936123135792, "wk_std": 0.048462482616254896, "total_mean": 0.0019225128975591756, "total_std": 0.06280059107380823}, "LS": {"run_mean": 0.005687833163819507, "run_std": 0.04959710286558163, "wk_mean": -0.007420821618817283, "wk_std": 0.031124367778593804, "total_mean": -0.001732988454997779, "total_std": 0.060110511819976405}, "OS": {"run_mean": 0.005229142231699385, "run_std": 0.03918950514378259, "wk_mean": -0.011180679854690019, "wk_std": 0.039046906047917385, "total_mean": -0.005951537622990632, "total_std": 0.056546090773859525}, "RAP": {"run_mean": -0.007169593873614446, "run_std": 0.05166798412871772, "wk_mean": -0.015298193708465115, "wk_std": 0.06981760955338864, "total_mean": -0.022467787582079565, "total_std": 0.08726629268881544}, "SLA": {"run_mean": -0.0005939326443564668, "run_std": 0.0437113688311285, "wk_mean": -0.009900349975046909, "wk_std": 0.041148865004550686, "total_mean": -0.010494282619403371, "total_std": 0.06060806177267591}}